Title,Link
10 Student-Tested Chrome Extensions,https://www.edutopia.org/article/10-student-tested-chrome-extensions
How to Help Students Resist Their Phones and Develop Better Digital Habits,https://www.edutopia.org/article/healthy-digital-habits-students
How to Tap Into Students’ Interests With a TED Talk Unit,https://www.edutopia.org/article/how-tap-students-interests-ted-talk-unit
A Powerful Strategy for Fostering Student Motivation,https://www.edutopia.org/article/powerful-strategy-fostering-student-motivation
Students Need to Learn to Manage Their Own Screen Time,https://www.edutopia.org/article/students-need-learn-manage-their-own-screen-time
Spread the Word About Summer Meals for Students,https://www.edutopia.org/blog/spread-word-about-summer-meals-students-anne-obrien
Empowering Student Relationships With Media,https://www.edutopia.org/blog/empowering-student-relationships-with-media-josh-weisgrau
Amplifying Student Voice Through Digital Literacy,https://www.edutopia.org/blog/amplifying-student-voice-digital-literacy-andrew-marcinek
"Student Agency: Voice, Choice and Making",https://www.edutopia.org/discussion/student-agency-voice-choice-and-making
Implementing Blended Learning With Pre-K Students,https://www.edutopia.org/article/implementing-blended-learning-pre-k-students
Student Engagement,https://www.edutopia.org/topic/student-engagement
